use yayacmetics;

INSERT INTO cliente (clienteID, nombre, celular, direccion) VALUES
(1, 'Juan Perez', '5551234567', 'Calle 123, Colonia A'),
(2, 'Ana Gomez', '5559876543', 'Avenida XYZ, Colonia B'),
(3, 'Pedro Rodriguez', '5554567890', 'Calle ABC, Colonia C'),
(4, 'Maria Lopez', '5553216789', 'Avenida 456, Colonia A'),
(5, 'Carlos Sanchez', '5555555555', 'Calle 789, Colonia B'),
(6, 'Luisa Martinez', '5552223333', 'Avenida ABC, Colonia C'),
(7, 'Miguel Gonzalez', '5557778888', 'Calle 456, Colonia A'),
(8, 'Sofia Perez', '5554444444', 'Avenida 123, Colonia B'),
(9, 'Andres Ramirez', '5556666666', 'Calle XYZ, Colonia C'),
(10, 'Laura Fernandez', '5559999999', 'Avenida 789, Colonia A');

INSERT INTO producto (productoID, descripcion, categoria, caducidad, stock) VALUES
('7301984567321', 'Producto 1', 'C1', '2023-12-31', '15'),
('7423678109234', 'Producto 2', 'C2', '2023-11-30', '5'),
('7512098345678', 'Producto 3', 'C3', '2024-02-28', '10'),
('7245631987023', 'Producto 4', 'C2', '2024-01-15', '8'),
('7983456172098', 'Producto 5', 'C1', '2023-12-20', '9'),
('7564321890342', 'Producto 6', 'C2', '2023-10-10', '20'),
('7812093465723', 'Producto 7', 'C3', '2024-03-05', '12'),
('7756321980476', 'Producto 8', 'C2', '2024-01-31', '4'),
('7421568937021', 'Producto 9', 'C3', '2023-11-10', '6'),
('7678901234567', 'Producto 10', 'C1', '2024-02-15', '2');

INSERT INTO venta (folio, fecha_venta, total_venta, clienteID) VALUES
(201, '2023-08-25 10:15:00', 100.50, 1),
(202, '2023-08-24 14:30:00', 75.25, 2),
(203, '2023-08-23 16:45:00', 200.75, 3),
(204, '2023-08-22 09:30:00', 50.00, 2),
(205, '2023-08-21 11:20:00', 120.30, 4),
(206, '2023-08-20 15:10:00', 95.80, 4),
(207, '2023-08-19 18:00:00', 60.75, 7),
(208, '2023-08-18 12:45:00', 175.90, 8),
(209, '2023-08-17 14:55:00', 30.25, 7),
(2010, '2023-08-16 17:20:00', 85.40, 9);

INSERT INTO ventaxproducto (productoID, folio, precio_unitario, cantidad, precio_venta) VALUES
('P001', 201, 10.25, 5, 51.25),
('P002', 201, 8.50, 3, 25.50),
('P003', 202, 15.75, 2, 31.50),
('P004', 202, 12.00, 4, 48.00),
('P005', 203, 9.80, 6, 58.80),
('P006', 203, 7.25, 2, 14.50),
('P007', 204, 18.50, 3, 55.50),
('P008', 204, 11.75, 5, 58.75),
('P009', 205, 14.20, 4, 56.80),
('P010', 205, 6.75, 7, 47.25);

INSERT INTO inventario (productoID, agno, mes, inventario_inicial, compra, venta, devolucion, merma, salida, inventario_final) VALUES
('7301984567321', 2022, 2, 15, 5, 0, 0, 0, 0, 20),
('7423678109234', 2022, 5, 5, 0, 0, 0, 0, 0, 5),
('7512098345678', 2023, 2, 10, 0, 0, 0, 0, 0, 10),
('7245631987023', 2023, 8, 8, 0, 0, 0, 0, 0, 8),
('7983456172098', 2023, 5, 9, 0, 0, 0, 0, 0, 9),
('7564321890342', 2023, 6, 20, 0, 0, 0, 0, 0, 20),
('7812093465723', 2023, 7, 12, 0, 0, 0, 0, 0, 12),
('7756321980476', 2023, 8, 4, 0, 0, 0, 0, 0, 4),
('7421568937021', 2023, 9, 6, 0, 0, 0, 0, 0, 6),
('7678901234567', 2023, 9, 2, 0, 0, 0, 0, 0, 2);